<annotation>
    <folder>images</folder>
    <filename>maksssksksss364.jpg</filename>
    <size>
        <width>320</width>
        <height>320</height>
        <depth>3</depth>
    </size>
    <segmented>0</segmented>
    <object>
        <name>with_mask</name>
        <pose>Unspecified</pose>
        <truncated>0</truncated>
        <occluded>0</occluded>
        <difficult>0</difficult>
        <bndbox>
            <xmin>66</xmin>
            <ymin>44</ymin>
            <xmax>93</xmax>
            <ymax>76</ymax>
        </bndbox>
    </object>
    <object>
        <name>with_mask</name>
        <pose>Unspecified</pose>
        <truncated>0</truncated>
        <occluded>0</occluded>
        <difficult>0</difficult>
        <bndbox>
            <xmin>143</xmin>
            <ymin>40</ymin>
            <xmax>169</xmax>
            <ymax>69</ymax>
        </bndbox>
    </object>
    <object>
        <name>with_mask</name>
        <pose>Unspecified</pose>
        <truncated>0</truncated>
        <occluded>0</occluded>
        <difficult>0</difficult>
        <bndbox>
            <xmin>210</xmin>
            <ymin>49</ymin>
            <xmax>236</xmax>
            <ymax>80</ymax>
        </bndbox>
    </object>
</annotation>