<annotation>
    <folder>images</folder>
    <filename>maksssksksss497.jpg</filename>
    <size>
        <width>320</width>
        <height>320</height>
        <depth>3</depth>
    </size>
    <segmented>0</segmented>
    <object>
        <name>with_mask</name>
        <pose>Unspecified</pose>
        <truncated>0</truncated>
        <occluded>0</occluded>
        <difficult>0</difficult>
        <bndbox>
            <xmin>88</xmin>
            <ymin>180</ymin>
            <xmax>155</xmax>
            <ymax>264</ymax>
        </bndbox>
    </object>
</annotation>