<annotation>
    <folder>images</folder>
    <filename>maksssksksss371.jpg</filename>
    <size>
        <width>320</width>
        <height>320</height>
        <depth>3</depth>
    </size>
    <segmented>0</segmented>
    <object>
        <name>mask_weared_incorrect</name>
        <pose>Unspecified</pose>
        <truncated>0</truncated>
        <occluded>0</occluded>
        <difficult>0</difficult>
        <bndbox>
            <xmin>128</xmin>
            <ymin>29</ymin>
            <xmax>210</xmax>
            <ymax>123</ymax>
        </bndbox>
    </object>
</annotation>