<annotation>
    <folder>images</folder>
    <filename>maksssksksss208.jpg</filename>
    <size>
        <width>320</width>
        <height>320</height>
        <depth>3</depth>
    </size>
    <segmented>0</segmented>
    <object>
        <name>with_mask</name>
        <pose>Unspecified</pose>
        <truncated>0</truncated>
        <occluded>0</occluded>
        <difficult>0</difficult>
        <bndbox>
            <xmin>67</xmin>
            <ymin>65</ymin>
            <xmax>155</xmax>
            <ymax>136</ymax>
        </bndbox>
    </object>
    <object>
        <name>with_mask</name>
        <pose>Unspecified</pose>
        <truncated>0</truncated>
        <occluded>0</occluded>
        <difficult>0</difficult>
        <bndbox>
            <xmin>153</xmin>
            <ymin>56</ymin>
            <xmax>238</xmax>
            <ymax>149</ymax>
        </bndbox>
    </object>
</annotation>