<annotation>
    <folder>images</folder>
    <filename>maksssksksss303.jpg</filename>
    <size>
        <width>320</width>
        <height>320</height>
        <depth>3</depth>
    </size>
    <segmented>0</segmented>
    <object>
        <name>with_mask</name>
        <pose>Unspecified</pose>
        <truncated>0</truncated>
        <occluded>0</occluded>
        <difficult>0</difficult>
        <bndbox>
            <xmin>73</xmin>
            <ymin>52</ymin>
            <xmax>88</xmax>
            <ymax>64</ymax>
        </bndbox>
    </object>
    <object>
        <name>with_mask</name>
        <pose>Unspecified</pose>
        <truncated>0</truncated>
        <occluded>0</occluded>
        <difficult>0</difficult>
        <bndbox>
            <xmin>191</xmin>
            <ymin>32</ymin>
            <xmax>204</xmax>
            <ymax>46</ymax>
        </bndbox>
    </object>
</annotation>