<annotation>
    <folder>images</folder>
    <filename>maksssksksss207.jpg</filename>
    <size>
        <width>320</width>
        <height>320</height>
        <depth>3</depth>
    </size>
    <segmented>0</segmented>
    <object>
        <name>with_mask</name>
        <pose>Unspecified</pose>
        <truncated>0</truncated>
        <occluded>0</occluded>
        <difficult>0</difficult>
        <bndbox>
            <xmin>27</xmin>
            <ymin>69</ymin>
            <xmax>40</xmax>
            <ymax>82</ymax>
        </bndbox>
    </object>
    <object>
        <name>with_mask</name>
        <pose>Unspecified</pose>
        <truncated>0</truncated>
        <occluded>0</occluded>
        <difficult>0</difficult>
        <bndbox>
            <xmin>133</xmin>
            <ymin>72</ymin>
            <xmax>168</xmax>
            <ymax>112</ymax>
        </bndbox>
    </object>
    <object>
        <name>with_mask</name>
        <pose>Unspecified</pose>
        <truncated>0</truncated>
        <occluded>0</occluded>
        <difficult>0</difficult>
        <bndbox>
            <xmin>224</xmin>
            <ymin>76</ymin>
            <xmax>252</xmax>
            <ymax>100</ymax>
        </bndbox>
    </object>
    <object>
        <name>with_mask</name>
        <pose>Unspecified</pose>
        <truncated>0</truncated>
        <occluded>0</occluded>
        <difficult>0</difficult>
        <bndbox>
            <xmin>277</xmin>
            <ymin>69</ymin>
            <xmax>320</xmax>
            <ymax>136</ymax>
        </bndbox>
    </object>
</annotation>